C:\Users\rishi\Downloads\car_data\IMG\center_2022_10_16_16_45_15_144.jpg, C:\Users\rishi\Downloads\car_data\IMG\left_2022_10_16_16_45_15_144.jpg, C:\Users\rishi\Downloads\car_data\IMG\right_2022_10_16_16_45_15_144.jpg, 0, 0, 0, 7.869675E-05
C:\Users\rishi\Downloads\car_data\IMG\center_2022_10_16_16_45_15_273.jpg, C:\Users\rishi\Downloads\car_data\IMG\left_2022_10_16_16_45_15_273.jpg, C:\Users\rishi\Downloads\car_data\IMG\right_2022_10_16_16_45_15_273.jpg, 0, 0, 0, 7.813998E-05
C:\Users\rishi\Downloads\car_data\IMG\center_2022_10_16_16_45_15_390.jpg, C:\Users\rishi\Downloads\car_data\IMG\left_2022_10_16_16_45_15_390.jpg, C:\Users\rishi\Downloads\car_data\IMG\right_2022_10_16_16_45_15_390.jpg, 0, 0, 0, 8.269581E-05
C:\Users\rishi\Downloads\car_data\IMG\center_2022_10_16_16_45_15_504.jpg, C:\Users\rishi\Downloads\car_data\IMG\left_2022_10_16_16_45_15_504.jpg, C:\Users\rishi\Downloads\car_data\IMG\right_2022_10_16_16_45_15_504.jpg, 0, 0, 0, 7.873942E-05
C:\Users\rishi\Downloads\car_data\IMG\center_2022_10_16_16_45_15_627.jpg, C:\Users\rishi\Downloads\car_data\IMG\left_2022_10_16_16_45_15_627.jpg, C:\Users\rishi\Downloads\car_data\IMG\right_2022_10_16_16_45_15_627.jpg, 0, 0, 0, 7.890962E-05
C:\Users\rishi\Downloads\car_data\IMG\center_2022_10_16_16_45_15_746.jpg, C:\Users\rishi\Downloads\car_data\IMG\left_2022_10_16_16_45_15_746.jpg, C:\Users\rishi\Downloads\car_data\IMG\right_2022_10_16_16_45_15_746.jpg, 0, 0, 0, 7.76128E-05
C:\Users\rishi\Downloads\car_data\IMG\center_2022_10_16_16_45_15_873.jpg, C:\Users\rishi\Downloads\car_data\IMG\left_2022_10_16_16_45_15_873.jpg, C:\Users\rishi\Downloads\car_data\IMG\right_2022_10_16_16_45_15_873.jpg, 0, 0, 0, 7.786448E-05
C:\Users\rishi\Downloads\car_data\IMG\center_2022_10_16_16_45_15_993.jpg, C:\Users\rishi\Downloads\car_data\IMG\left_2022_10_16_16_45_15_993.jpg, C:\Users\rishi\Downloads\car_data\IMG\right_2022_10_16_16_45_15_993.jpg, 0, 0, 0, 7.861543E-05
C:\Users\rishi\Downloads\car_data\IMG\center_2022_10_16_16_45_16_110.jpg, C:\Users\rishi\Downloads\car_data\IMG\left_2022_10_16_16_45_16_110.jpg, C:\Users\rishi\Downloads\car_data\IMG\right_2022_10_16_16_45_16_110.jpg, 0, 0, 0, 7.929665E-05
C:\Users\rishi\Downloads\car_data\IMG\center_2022_10_16_16_45_16_218.jpg, C:\Users\rishi\Downloads\car_data\IMG\left_2022_10_16_16_45_16_218.jpg, C:\Users\rishi\Downloads\car_data\IMG\right_2022_10_16_16_45_16_218.jpg, 0, 0, 0, 7.865512E-05
C:\Users\rishi\Downloads\car_data\IMG\center_2022_10_16_16_45_16_348.jpg, C:\Users\rishi\Downloads\car_data\IMG\left_2022_10_16_16_45_16_348.jpg, C:\Users\rishi\Downloads\car_data\IMG\right_2022_10_16_16_45_16_348.jpg, 0, 0, 0, 7.788866E-05
C:\Users\rishi\Downloads\car_data\IMG\center_2022_10_16_16_45_16_476.jpg, C:\Users\rishi\Downloads\car_data\IMG\left_2022_10_16_16_45_16_476.jpg, C:\Users\rishi\Downloads\car_data\IMG\right_2022_10_16_16_45_16_476.jpg, 0, 0, 0, 7.804215E-05
C:\Users\rishi\Downloads\car_data\IMG\center_2022_10_16_16_45_16_584.jpg, C:\Users\rishi\Downloads\car_data\IMG\left_2022_10_16_16_45_16_584.jpg, C:\Users\rishi\Downloads\car_data\IMG\right_2022_10_16_16_45_16_584.jpg, 0, 0, 0, 7.866643E-05
C:\Users\rishi\Downloads\car_data\IMG\center_2022_10_16_16_45_16_698.jpg, C:\Users\rishi\Downloads\car_data\IMG\left_2022_10_16_16_45_16_698.jpg, C:\Users\rishi\Downloads\car_data\IMG\right_2022_10_16_16_45_16_698.jpg, 0, 0, 0, 7.822077E-05
C:\Users\rishi\Downloads\car_data\IMG\center_2022_10_16_16_45_16_798.jpg, C:\Users\rishi\Downloads\car_data\IMG\left_2022_10_16_16_45_16_798.jpg, C:\Users\rishi\Downloads\car_data\IMG\right_2022_10_16_16_45_16_798.jpg, 0, 0, 0, 7.934661E-05
C:\Users\rishi\Downloads\car_data\IMG\center_2022_10_16_16_45_16_913.jpg, C:\Users\rishi\Downloads\car_data\IMG\left_2022_10_16_16_45_16_913.jpg, C:\Users\rishi\Downloads\car_data\IMG\right_2022_10_16_16_45_16_913.jpg, 0, 0.3168885, 0, 0.463694
C:\Users\rishi\Downloads\car_data\IMG\center_2022_10_16_16_45_17_034.jpg, C:\Users\rishi\Downloads\car_data\IMG\left_2022_10_16_16_45_17_034.jpg, C:\Users\rishi\Downloads\car_data\IMG\right_2022_10_16_16_45_17_034.jpg, 0, 0.5176725, 0, 1.200462
C:\Users\rishi\Downloads\car_data\IMG\center_2022_10_16_16_45_17_153.jpg, C:\Users\rishi\Downloads\car_data\IMG\left_2022_10_16_16_45_17_153.jpg, C:\Users\rishi\Downloads\car_data\IMG\right_2022_10_16_16_45_17_153.jpg, 0, 0.1676301, 0, 1.47364
C:\Users\rishi\Downloads\car_data\IMG\center_2022_10_16_16_45_17_266.jpg, C:\Users\rishi\Downloads\car_data\IMG\left_2022_10_16_16_45_17_266.jpg, C:\Users\rishi\Downloads\car_data\IMG\right_2022_10_16_16_45_17_266.jpg, 0, 0, 0, 1.471769
C:\Users\rishi\Downloads\car_data\IMG\center_2022_10_16_16_45_17_379.jpg, C:\Users\rishi\Downloads\car_data\IMG\left_2022_10_16_16_45_17_379.jpg, C:\Users\rishi\Downloads\car_data\IMG\right_2022_10_16_16_45_17_379.jpg, 0, 0, 0, 1.457008
C:\Users\rishi\Downloads\car_data\IMG\center_2022_10_16_16_45_17_506.jpg, C:\Users\rishi\Downloads\car_data\IMG\left_2022_10_16_16_45_17_506.jpg, C:\Users\rishi\Downloads\car_data\IMG\right_2022_10_16_16_45_17_506.jpg, 0, 0, 0, 1.436594
C:\Users\rishi\Downloads\car_data\IMG\center_2022_10_16_16_45_17_626.jpg, C:\Users\rishi\Downloads\car_data\IMG\left_2022_10_16_16_45_17_626.jpg, C:\Users\rishi\Downloads\car_data\IMG\right_2022_10_16_16_45_17_626.jpg, 0, 0, 0, 1.419324
C:\Users\rishi\Downloads\car_data\IMG\center_2022_10_16_16_45_17_755.jpg, C:\Users\rishi\Downloads\car_data\IMG\left_2022_10_16_16_45_17_755.jpg, C:\Users\rishi\Downloads\car_data\IMG\right_2022_10_16_16_45_17_755.jpg, 0, 0, 0, 1.402261
C:\Users\rishi\Downloads\car_data\IMG\center_2022_10_16_16_45_17_887.jpg, C:\Users\rishi\Downloads\car_data\IMG\left_2022_10_16_16_45_17_887.jpg, C:\Users\rishi\Downloads\car_data\IMG\right_2022_10_16_16_45_17_887.jpg, 0, 0, 0, 1.382615
C:\Users\rishi\Downloads\car_data\IMG\center_2022_10_16_16_45_18_015.jpg, C:\Users\rishi\Downloads\car_data\IMG\left_2022_10_16_16_45_18_015.jpg, C:\Users\rishi\Downloads\car_data\IMG\right_2022_10_16_16_45_18_015.jpg, 0, 0, 0, 1.365994
C:\Users\rishi\Downloads\car_data\IMG\center_2022_10_16_16_45_18_133.jpg, C:\Users\rishi\Downloads\car_data\IMG\left_2022_10_16_16_45_18_133.jpg, C:\Users\rishi\Downloads\car_data\IMG\right_2022_10_16_16_45_18_133.jpg, 0, 0, 0, 1.349573
C:\Users\rishi\Downloads\car_data\IMG\center_2022_10_16_16_45_18_254.jpg, C:\Users\rishi\Downloads\car_data\IMG\left_2022_10_16_16_45_18_254.jpg, C:\Users\rishi\Downloads\car_data\IMG\right_2022_10_16_16_45_18_254.jpg, -0.1677135, 0, 0, 1.331887
C:\Users\rishi\Downloads\car_data\IMG\center_2022_10_16_16_45_18_370.jpg, C:\Users\rishi\Downloads\car_data\IMG\left_2022_10_16_16_45_18_370.jpg, C:\Users\rishi\Downloads\car_data\IMG\right_2022_10_16_16_45_18_370.jpg, 0, 0, 0, 1.315322
C:\Users\rishi\Downloads\car_data\IMG\center_2022_10_16_16_45_18_499.jpg, C:\Users\rishi\Downloads\car_data\IMG\left_2022_10_16_16_45_18_499.jpg, C:\Users\rishi\Downloads\car_data\IMG\right_2022_10_16_16_45_18_499.jpg, 0, 0, 0, 1.29951
C:\Users\rishi\Downloads\car_data\IMG\center_2022_10_16_16_45_18_620.jpg, C:\Users\rishi\Downloads\car_data\IMG\left_2022_10_16_16_45_18_620.jpg, C:\Users\rishi\Downloads\car_data\IMG\right_2022_10_16_16_45_18_620.jpg, 0, 0, 0, 1.283888
C:\Users\rishi\Downloads\car_data\IMG\center_2022_10_16_16_45_18_749.jpg, C:\Users\rishi\Downloads\car_data\IMG\left_2022_10_16_16_45_18_749.jpg, C:\Users\rishi\Downloads\car_data\IMG\right_2022_10_16_16_45_18_749.jpg, 0, 0, 0, 1.265895
C:\Users\rishi\Downloads\car_data\IMG\center_2022_10_16_16_45_18_874.jpg, C:\Users\rishi\Downloads\car_data\IMG\left_2022_10_16_16_45_18_874.jpg, C:\Users\rishi\Downloads\car_data\IMG\right_2022_10_16_16_45_18_874.jpg, 0, 0, 0, 1.250678
C:\Users\rishi\Downloads\car_data\IMG\center_2022_10_16_16_45_19_007.jpg, C:\Users\rishi\Downloads\car_data\IMG\left_2022_10_16_16_45_19_007.jpg, C:\Users\rishi\Downloads\car_data\IMG\right_2022_10_16_16_45_19_007.jpg, -0.1710207, 0.110103, 0, 1.282198
C:\Users\rishi\Downloads\car_data\IMG\center_2022_10_16_16_45_19_129.jpg, C:\Users\rishi\Downloads\car_data\IMG\left_2022_10_16_16_45_19_129.jpg, C:\Users\rishi\Downloads\car_data\IMG\right_2022_10_16_16_45_19_129.jpg, 0, 0.4693206, 0, 1.891509
C:\Users\rishi\Downloads\car_data\IMG\center_2022_10_16_16_45_19_251.jpg, C:\Users\rishi\Downloads\car_data\IMG\left_2022_10_16_16_45_19_251.jpg, C:\Users\rishi\Downloads\car_data\IMG\right_2022_10_16_16_45_19_251.jpg, 0, 0.6367677, 0, 2.898067
C:\Users\rishi\Downloads\car_data\IMG\center_2022_10_16_16_45_19_378.jpg, C:\Users\rishi\Downloads\car_data\IMG\left_2022_10_16_16_45_19_378.jpg, C:\Users\rishi\Downloads\car_data\IMG\right_2022_10_16_16_45_19_378.jpg, 0, 0.2642079, 0, 3.250712
C:\Users\rishi\Downloads\car_data\IMG\center_2022_10_16_16_45_19_508.jpg, C:\Users\rishi\Downloads\car_data\IMG\left_2022_10_16_16_45_19_508.jpg, C:\Users\rishi\Downloads\car_data\IMG\right_2022_10_16_16_45_19_508.jpg, 0, 0, 0, 3.262572
C:\Users\rishi\Downloads\car_data\IMG\center_2022_10_16_16_45_19_640.jpg, C:\Users\rishi\Downloads\car_data\IMG\left_2022_10_16_16_45_19_640.jpg, C:\Users\rishi\Downloads\car_data\IMG\right_2022_10_16_16_45_19_640.jpg, 0, 0.3905598, 0, 3.784506
C:\Users\rishi\Downloads\car_data\IMG\center_2022_10_16_16_45_19_738.jpg, C:\Users\rishi\Downloads\car_data\IMG\left_2022_10_16_16_45_19_738.jpg, C:\Users\rishi\Downloads\car_data\IMG\right_2022_10_16_16_45_19_738.jpg, 0, 0.6929934, 0, 4.506148
C:\Users\rishi\Downloads\car_data\IMG\center_2022_10_16_16_45_19_852.jpg, C:\Users\rishi\Downloads\car_data\IMG\left_2022_10_16_16_45_19_852.jpg, C:\Users\rishi\Downloads\car_data\IMG\right_2022_10_16_16_45_19_852.jpg, 0, 1, 0, 5.883618
C:\Users\rishi\Downloads\car_data\IMG\center_2022_10_16_16_45_19_979.jpg, C:\Users\rishi\Downloads\car_data\IMG\left_2022_10_16_16_45_19_979.jpg, C:\Users\rishi\Downloads\car_data\IMG\right_2022_10_16_16_45_19_979.jpg, -0.1203426, 1, 0, 7.254838
C:\Users\rishi\Downloads\car_data\IMG\center_2022_10_16_16_45_20_092.jpg, C:\Users\rishi\Downloads\car_data\IMG\left_2022_10_16_16_45_20_092.jpg, C:\Users\rishi\Downloads\car_data\IMG\right_2022_10_16_16_45_20_092.jpg, 0, 1, 0, 8.613778
C:\Users\rishi\Downloads\car_data\IMG\center_2022_10_16_16_45_20_216.jpg, C:\Users\rishi\Downloads\car_data\IMG\left_2022_10_16_16_45_20_216.jpg, C:\Users\rishi\Downloads\car_data\IMG\right_2022_10_16_16_45_20_216.jpg, 0, 1, 0, 9.957594
C:\Users\rishi\Downloads\car_data\IMG\center_2022_10_16_16_45_20_335.jpg, C:\Users\rishi\Downloads\car_data\IMG\left_2022_10_16_16_45_20_335.jpg, C:\Users\rishi\Downloads\car_data\IMG\right_2022_10_16_16_45_20_335.jpg, -0.3551976, 1, 0, 11.20225
C:\Users\rishi\Downloads\car_data\IMG\center_2022_10_16_16_45_20_465.jpg, C:\Users\rishi\Downloads\car_data\IMG\left_2022_10_16_16_45_20_465.jpg, C:\Users\rishi\Downloads\car_data\IMG\right_2022_10_16_16_45_20_465.jpg, -0.3831297, 1, 0, 12.56238
C:\Users\rishi\Downloads\car_data\IMG\center_2022_10_16_16_45_20_594.jpg, C:\Users\rishi\Downloads\car_data\IMG\left_2022_10_16_16_45_20_594.jpg, C:\Users\rishi\Downloads\car_data\IMG\right_2022_10_16_16_45_20_594.jpg, -0.7589839, 1, 0, 13.65088
C:\Users\rishi\Downloads\car_data\IMG\center_2022_10_16_16_45_20_699.jpg, C:\Users\rishi\Downloads\car_data\IMG\left_2022_10_16_16_45_20_699.jpg, C:\Users\rishi\Downloads\car_data\IMG\right_2022_10_16_16_45_20_699.jpg, -0.8998441, 1, 0, 14.65951
C:\Users\rishi\Downloads\car_data\IMG\center_2022_10_16_16_45_20_820.jpg, C:\Users\rishi\Downloads\car_data\IMG\left_2022_10_16_16_45_20_820.jpg, C:\Users\rishi\Downloads\car_data\IMG\right_2022_10_16_16_45_20_820.jpg, -0.5179051, 1, 0, 16.00627
C:\Users\rishi\Downloads\car_data\IMG\center_2022_10_16_16_45_20_943.jpg, C:\Users\rishi\Downloads\car_data\IMG\left_2022_10_16_16_45_20_943.jpg, C:\Users\rishi\Downloads\car_data\IMG\right_2022_10_16_16_45_20_943.jpg, -0.1502664, 1, 0, 17.38907
C:\Users\rishi\Downloads\car_data\IMG\center_2022_10_16_16_45_21_064.jpg, C:\Users\rishi\Downloads\car_data\IMG\left_2022_10_16_16_45_21_064.jpg, C:\Users\rishi\Downloads\car_data\IMG\right_2022_10_16_16_45_21_064.jpg, 0, 0.6330475, 0, 18.20294
C:\Users\rishi\Downloads\car_data\IMG\center_2022_10_16_16_45_21_178.jpg, C:\Users\rishi\Downloads\car_data\IMG\left_2022_10_16_16_45_21_178.jpg, C:\Users\rishi\Downloads\car_data\IMG\right_2022_10_16_16_45_21_178.jpg, 0, 0.2922502, 0, 18.5859
C:\Users\rishi\Downloads\car_data\IMG\center_2022_10_16_16_45_21_292.jpg, C:\Users\rishi\Downloads\car_data\IMG\left_2022_10_16_16_45_21_292.jpg, C:\Users\rishi\Downloads\car_data\IMG\right_2022_10_16_16_45_21_292.jpg, 0, 0, 0, 18.34204
C:\Users\rishi\Downloads\car_data\IMG\center_2022_10_16_16_45_21_398.jpg, C:\Users\rishi\Downloads\car_data\IMG\left_2022_10_16_16_45_21_398.jpg, C:\Users\rishi\Downloads\car_data\IMG\right_2022_10_16_16_45_21_398.jpg, 0, 0, 0, 18.10408
C:\Users\rishi\Downloads\car_data\IMG\center_2022_10_16_16_45_21_499.jpg, C:\Users\rishi\Downloads\car_data\IMG\left_2022_10_16_16_45_21_499.jpg, C:\Users\rishi\Downloads\car_data\IMG\right_2022_10_16_16_45_21_499.jpg, 0, 0, 0, 17.97558
C:\Users\rishi\Downloads\car_data\IMG\center_2022_10_16_16_45_21_605.jpg, C:\Users\rishi\Downloads\car_data\IMG\left_2022_10_16_16_45_21_605.jpg, C:\Users\rishi\Downloads\car_data\IMG\right_2022_10_16_16_45_21_605.jpg, 0, 0, 0, 17.73722
C:\Users\rishi\Downloads\car_data\IMG\center_2022_10_16_16_45_21_705.jpg, C:\Users\rishi\Downloads\car_data\IMG\left_2022_10_16_16_45_21_705.jpg, C:\Users\rishi\Downloads\car_data\IMG\right_2022_10_16_16_45_21_705.jpg, 0, 0, 0, 17.54009
C:\Users\rishi\Downloads\car_data\IMG\center_2022_10_16_16_45_21_812.jpg, C:\Users\rishi\Downloads\car_data\IMG\left_2022_10_16_16_45_21_812.jpg, C:\Users\rishi\Downloads\car_data\IMG\right_2022_10_16_16_45_21_812.jpg, 0, 0, 0, 17.36184
C:\Users\rishi\Downloads\car_data\IMG\center_2022_10_16_16_45_21_941.jpg, C:\Users\rishi\Downloads\car_data\IMG\left_2022_10_16_16_45_21_941.jpg, C:\Users\rishi\Downloads\car_data\IMG\right_2022_10_16_16_45_21_941.jpg, 0, 0, 0, 17.11535
C:\Users\rishi\Downloads\car_data\IMG\center_2022_10_16_16_45_22_061.jpg, C:\Users\rishi\Downloads\car_data\IMG\left_2022_10_16_16_45_22_061.jpg, C:\Users\rishi\Downloads\car_data\IMG\right_2022_10_16_16_45_22_061.jpg, -0.3537375, 0, 0, 16.84859
C:\Users\rishi\Downloads\car_data\IMG\center_2022_10_16_16_45_22_184.jpg, C:\Users\rishi\Downloads\car_data\IMG\left_2022_10_16_16_45_22_184.jpg, C:\Users\rishi\Downloads\car_data\IMG\right_2022_10_16_16_45_22_184.jpg, 0, 0, 0, 16.5889
C:\Users\rishi\Downloads\car_data\IMG\center_2022_10_16_16_45_22_292.jpg, C:\Users\rishi\Downloads\car_data\IMG\left_2022_10_16_16_45_22_292.jpg, C:\Users\rishi\Downloads\car_data\IMG\right_2022_10_16_16_45_22_292.jpg, 0, 0, 0, 16.42605
C:\Users\rishi\Downloads\car_data\IMG\center_2022_10_16_16_45_22_417.jpg, C:\Users\rishi\Downloads\car_data\IMG\left_2022_10_16_16_45_22_417.jpg, C:\Users\rishi\Downloads\car_data\IMG\right_2022_10_16_16_45_22_417.jpg, 0, 0, 0, 16.22077
C:\Users\rishi\Downloads\car_data\IMG\center_2022_10_16_16_45_22_532.jpg, C:\Users\rishi\Downloads\car_data\IMG\left_2022_10_16_16_45_22_532.jpg, C:\Users\rishi\Downloads\car_data\IMG\right_2022_10_16_16_45_22_532.jpg, 0, 0, 0, 16.02048
C:\Users\rishi\Downloads\car_data\IMG\center_2022_10_16_16_45_22_630.jpg, C:\Users\rishi\Downloads\car_data\IMG\left_2022_10_16_16_45_22_630.jpg, C:\Users\rishi\Downloads\car_data\IMG\right_2022_10_16_16_45_22_630.jpg, 0, 0, 0, 15.85795
C:\Users\rishi\Downloads\car_data\IMG\center_2022_10_16_16_45_22_737.jpg, C:\Users\rishi\Downloads\car_data\IMG\left_2022_10_16_16_45_22_737.jpg, C:\Users\rishi\Downloads\car_data\IMG\right_2022_10_16_16_45_22_737.jpg, 0, 0, 0, 15.69696
C:\Users\rishi\Downloads\car_data\IMG\center_2022_10_16_16_45_22_843.jpg, C:\Users\rishi\Downloads\car_data\IMG\left_2022_10_16_16_45_22_843.jpg, C:\Users\rishi\Downloads\car_data\IMG\right_2022_10_16_16_45_22_843.jpg, -0.3093579, 0, 0, 15.50832
C:\Users\rishi\Downloads\car_data\IMG\center_2022_10_16_16_45_22_963.jpg, C:\Users\rishi\Downloads\car_data\IMG\left_2022_10_16_16_45_22_963.jpg, C:\Users\rishi\Downloads\car_data\IMG\right_2022_10_16_16_45_22_963.jpg, -0.5313804, 0, 0, 15.08962
C:\Users\rishi\Downloads\car_data\IMG\center_2022_10_16_16_45_23_084.jpg, C:\Users\rishi\Downloads\car_data\IMG\left_2022_10_16_16_45_23_084.jpg, C:\Users\rishi\Downloads\car_data\IMG\right_2022_10_16_16_45_23_084.jpg, -0.1748133, 0, 0, 14.9223
C:\Users\rishi\Downloads\car_data\IMG\center_2022_10_16_16_45_23_196.jpg, C:\Users\rishi\Downloads\car_data\IMG\left_2022_10_16_16_45_23_196.jpg, C:\Users\rishi\Downloads\car_data\IMG\right_2022_10_16_16_45_23_196.jpg, 0, 0, 0, 14.76768
C:\Users\rishi\Downloads\car_data\IMG\center_2022_10_16_16_45_23_315.jpg, C:\Users\rishi\Downloads\car_data\IMG\left_2022_10_16_16_45_23_315.jpg, C:\Users\rishi\Downloads\car_data\IMG\right_2022_10_16_16_45_23_315.jpg, 0, 0, 0, 14.59969
C:\Users\rishi\Downloads\car_data\IMG\center_2022_10_16_16_45_23_431.jpg, C:\Users\rishi\Downloads\car_data\IMG\left_2022_10_16_16_45_23_431.jpg, C:\Users\rishi\Downloads\car_data\IMG\right_2022_10_16_16_45_23_431.jpg, 0, 0, 0, 14.42643
C:\Users\rishi\Downloads\car_data\IMG\center_2022_10_16_16_45_23_550.jpg, C:\Users\rishi\Downloads\car_data\IMG\left_2022_10_16_16_45_23_550.jpg, C:\Users\rishi\Downloads\car_data\IMG\right_2022_10_16_16_45_23_550.jpg, 0, 0, 0, 14.26041
C:\Users\rishi\Downloads\car_data\IMG\center_2022_10_16_16_45_23_672.jpg, C:\Users\rishi\Downloads\car_data\IMG\left_2022_10_16_16_45_23_672.jpg, C:\Users\rishi\Downloads\car_data\IMG\right_2022_10_16_16_45_23_672.jpg, 0, 0, 0, 14.07268
C:\Users\rishi\Downloads\car_data\IMG\center_2022_10_16_16_45_23_799.jpg, C:\Users\rishi\Downloads\car_data\IMG\left_2022_10_16_16_45_23_799.jpg, C:\Users\rishi\Downloads\car_data\IMG\right_2022_10_16_16_45_23_799.jpg, 0, 0, 0, 13.92721
C:\Users\rishi\Downloads\car_data\IMG\center_2022_10_16_16_45_23_903.jpg, C:\Users\rishi\Downloads\car_data\IMG\left_2022_10_16_16_45_23_903.jpg, C:\Users\rishi\Downloads\car_data\IMG\right_2022_10_16_16_45_23_903.jpg, -0.3070704, 0, 0, 13.68456
C:\Users\rishi\Downloads\car_data\IMG\center_2022_10_16_16_45_24_004.jpg, C:\Users\rishi\Downloads\car_data\IMG\left_2022_10_16_16_45_24_004.jpg, C:\Users\rishi\Downloads\car_data\IMG\right_2022_10_16_16_45_24_004.jpg, -0.6141006, 0, 0, 13.37965
C:\Users\rishi\Downloads\car_data\IMG\center_2022_10_16_16_45_24_147.jpg, C:\Users\rishi\Downloads\car_data\IMG\left_2022_10_16_16_45_24_147.jpg, C:\Users\rishi\Downloads\car_data\IMG\right_2022_10_16_16_45_24_147.jpg, -0.1747932, 0, 0, 13.14113
C:\Users\rishi\Downloads\car_data\IMG\center_2022_10_16_16_45_24_276.jpg, C:\Users\rishi\Downloads\car_data\IMG\left_2022_10_16_16_45_24_276.jpg, C:\Users\rishi\Downloads\car_data\IMG\right_2022_10_16_16_45_24_276.jpg, 0, 0, 0, 13.07028
C:\Users\rishi\Downloads\car_data\IMG\center_2022_10_16_16_45_24_394.jpg, C:\Users\rishi\Downloads\car_data\IMG\left_2022_10_16_16_45_24_394.jpg, C:\Users\rishi\Downloads\car_data\IMG\right_2022_10_16_16_45_24_394.jpg, 0, 0, 0, 12.7981
C:\Users\rishi\Downloads\car_data\IMG\center_2022_10_16_16_45_24_518.jpg, C:\Users\rishi\Downloads\car_data\IMG\left_2022_10_16_16_45_24_518.jpg, C:\Users\rishi\Downloads\car_data\IMG\right_2022_10_16_16_45_24_518.jpg, 0, 0, 0, 12.64256
C:\Users\rishi\Downloads\car_data\IMG\center_2022_10_16_16_45_24_644.jpg, C:\Users\rishi\Downloads\car_data\IMG\left_2022_10_16_16_45_24_644.jpg, C:\Users\rishi\Downloads\car_data\IMG\right_2022_10_16_16_45_24_644.jpg, 0, 0, 0, 12.48278
C:\Users\rishi\Downloads\car_data\IMG\center_2022_10_16_16_45_24_747.jpg, C:\Users\rishi\Downloads\car_data\IMG\left_2022_10_16_16_45_24_747.jpg, C:\Users\rishi\Downloads\car_data\IMG\right_2022_10_16_16_45_24_747.jpg, 0, 0, 0, 12.35511
C:\Users\rishi\Downloads\car_data\IMG\center_2022_10_16_16_45_24_853.jpg, C:\Users\rishi\Downloads\car_data\IMG\left_2022_10_16_16_45_24_853.jpg, C:\Users\rishi\Downloads\car_data\IMG\right_2022_10_16_16_45_24_853.jpg, 0, 0, 0, 12.2032
C:\Users\rishi\Downloads\car_data\IMG\center_2022_10_16_16_45_24_952.jpg, C:\Users\rishi\Downloads\car_data\IMG\left_2022_10_16_16_45_24_952.jpg, C:\Users\rishi\Downloads\car_data\IMG\right_2022_10_16_16_45_24_952.jpg, 0, 0, 0, 12.06942
C:\Users\rishi\Downloads\car_data\IMG\center_2022_10_16_16_45_25_066.jpg, C:\Users\rishi\Downloads\car_data\IMG\left_2022_10_16_16_45_25_066.jpg, C:\Users\rishi\Downloads\car_data\IMG\right_2022_10_16_16_45_25_066.jpg, 0, 0.3273084, 0, 12.3773
C:\Users\rishi\Downloads\car_data\IMG\center_2022_10_16_16_45_25_191.jpg, C:\Users\rishi\Downloads\car_data\IMG\left_2022_10_16_16_45_25_191.jpg, C:\Users\rishi\Downloads\car_data\IMG\right_2022_10_16_16_45_25_191.jpg, 0, 0, 0, 12.4207
C:\Users\rishi\Downloads\car_data\IMG\center_2022_10_16_16_45_25_311.jpg, C:\Users\rishi\Downloads\car_data\IMG\left_2022_10_16_16_45_25_311.jpg, C:\Users\rishi\Downloads\car_data\IMG\right_2022_10_16_16_45_25_311.jpg, 0, 0, 0, 12.16749
C:\Users\rishi\Downloads\car_data\IMG\center_2022_10_16_16_45_25_441.jpg, C:\Users\rishi\Downloads\car_data\IMG\left_2022_10_16_16_45_25_441.jpg, C:\Users\rishi\Downloads\car_data\IMG\right_2022_10_16_16_45_25_441.jpg, 0, 0.3947769, 0, 12.45013
C:\Users\rishi\Downloads\car_data\IMG\center_2022_10_16_16_45_25_556.jpg, C:\Users\rishi\Downloads\car_data\IMG\left_2022_10_16_16_45_25_556.jpg, C:\Users\rishi\Downloads\car_data\IMG\right_2022_10_16_16_45_25_556.jpg, 0, 0.7479915, 0, 13.42698
C:\Users\rishi\Downloads\car_data\IMG\center_2022_10_16_16_45_25_650.jpg, C:\Users\rishi\Downloads\car_data\IMG\left_2022_10_16_16_45_25_650.jpg, C:\Users\rishi\Downloads\car_data\IMG\right_2022_10_16_16_45_25_650.jpg, -0.3005385, 1, 0, 14.28423
C:\Users\rishi\Downloads\car_data\IMG\center_2022_10_16_16_45_25_758.jpg, C:\Users\rishi\Downloads\car_data\IMG\left_2022_10_16_16_45_25_758.jpg, C:\Users\rishi\Downloads\car_data\IMG\right_2022_10_16_16_45_25_758.jpg, -0.6103917, 0.6901468, 0, 14.82877
C:\Users\rishi\Downloads\car_data\IMG\center_2022_10_16_16_45_25_887.jpg, C:\Users\rishi\Downloads\car_data\IMG\left_2022_10_16_16_45_25_887.jpg, C:\Users\rishi\Downloads\car_data\IMG\right_2022_10_16_16_45_25_887.jpg, -0.2108535, 0.2906086, 0, 15.37184
C:\Users\rishi\Downloads\car_data\IMG\center_2022_10_16_16_45_26_016.jpg, C:\Users\rishi\Downloads\car_data\IMG\left_2022_10_16_16_45_26_016.jpg, C:\Users\rishi\Downloads\car_data\IMG\right_2022_10_16_16_45_26_016.jpg, 0, 0.6562942, 0, 15.97002
C:\Users\rishi\Downloads\car_data\IMG\center_2022_10_16_16_45_26_140.jpg, C:\Users\rishi\Downloads\car_data\IMG\left_2022_10_16_16_45_26_140.jpg, C:\Users\rishi\Downloads\car_data\IMG\right_2022_10_16_16_45_26_140.jpg, 0, 0.2634172, 0, 16.30692
C:\Users\rishi\Downloads\car_data\IMG\center_2022_10_16_16_45_26_261.jpg, C:\Users\rishi\Downloads\car_data\IMG\left_2022_10_16_16_45_26_261.jpg, C:\Users\rishi\Downloads\car_data\IMG\right_2022_10_16_16_45_26_261.jpg, 0, 0, 0, 16.06582
C:\Users\rishi\Downloads\car_data\IMG\center_2022_10_16_16_45_26_392.jpg, C:\Users\rishi\Downloads\car_data\IMG\left_2022_10_16_16_45_26_392.jpg, C:\Users\rishi\Downloads\car_data\IMG\right_2022_10_16_16_45_26_392.jpg, 0, 0, 0, 16.36142
C:\Users\rishi\Downloads\car_data\IMG\center_2022_10_16_16_45_26_516.jpg, C:\Users\rishi\Downloads\car_data\IMG\left_2022_10_16_16_45_26_516.jpg, C:\Users\rishi\Downloads\car_data\IMG\right_2022_10_16_16_45_26_516.jpg, 0, 0, 0, 16.17579
C:\Users\rishi\Downloads\car_data\IMG\center_2022_10_16_16_45_26_613.jpg, C:\Users\rishi\Downloads\car_data\IMG\left_2022_10_16_16_45_26_613.jpg, C:\Users\rishi\Downloads\car_data\IMG\right_2022_10_16_16_45_26_613.jpg, 0, 0, 0, 15.48885
C:\Users\rishi\Downloads\car_data\IMG\center_2022_10_16_16_45_26_735.jpg, C:\Users\rishi\Downloads\car_data\IMG\left_2022_10_16_16_45_26_735.jpg, C:\Users\rishi\Downloads\car_data\IMG\right_2022_10_16_16_45_26_735.jpg, 0, 0.3814311, 0, 15.65049
C:\Users\rishi\Downloads\car_data\IMG\center_2022_10_16_16_45_26_864.jpg, C:\Users\rishi\Downloads\car_data\IMG\left_2022_10_16_16_45_26_864.jpg, C:\Users\rishi\Downloads\car_data\IMG\right_2022_10_16_16_45_26_864.jpg, 0, 0.5844708, 0, 16.99013
C:\Users\rishi\Downloads\car_data\IMG\center_2022_10_16_16_45_26_993.jpg, C:\Users\rishi\Downloads\car_data\IMG\left_2022_10_16_16_45_26_993.jpg, C:\Users\rishi\Downloads\car_data\IMG\right_2022_10_16_16_45_26_993.jpg, 0, 0.1960053, 0, 17.29013
C:\Users\rishi\Downloads\car_data\IMG\center_2022_10_16_16_45_27_095.jpg, C:\Users\rishi\Downloads\car_data\IMG\left_2022_10_16_16_45_27_095.jpg, C:\Users\rishi\Downloads\car_data\IMG\right_2022_10_16_16_45_27_095.jpg, 0, 0, 0, 16.61803
C:\Users\rishi\Downloads\car_data\IMG\center_2022_10_16_16_45_27_218.jpg, C:\Users\rishi\Downloads\car_data\IMG\left_2022_10_16_16_45_27_218.jpg, C:\Users\rishi\Downloads\car_data\IMG\right_2022_10_16_16_45_27_218.jpg, -0.1715088, 0, 0, 16.42395
C:\Users\rishi\Downloads\car_data\IMG\center_2022_10_16_16_45_27_337.jpg, C:\Users\rishi\Downloads\car_data\IMG\left_2022_10_16_16_45_27_337.jpg, C:\Users\rishi\Downloads\car_data\IMG\right_2022_10_16_16_45_27_337.jpg, 0, 0, 0, 16.2114
C:\Users\rishi\Downloads\car_data\IMG\center_2022_10_16_16_45_27_459.jpg, C:\Users\rishi\Downloads\car_data\IMG\left_2022_10_16_16_45_27_459.jpg, C:\Users\rishi\Downloads\car_data\IMG\right_2022_10_16_16_45_27_459.jpg, 0, 0, 0, 16.01113
C:\Users\rishi\Downloads\car_data\IMG\center_2022_10_16_16_45_27_585.jpg, C:\Users\rishi\Downloads\car_data\IMG\left_2022_10_16_16_45_27_585.jpg, C:\Users\rishi\Downloads\car_data\IMG\right_2022_10_16_16_45_27_585.jpg, 0, 0, 0, 15.8209
C:\Users\rishi\Downloads\car_data\IMG\center_2022_10_16_16_45_27_694.jpg, C:\Users\rishi\Downloads\car_data\IMG\left_2022_10_16_16_45_27_694.jpg, C:\Users\rishi\Downloads\car_data\IMG\right_2022_10_16_16_45_27_694.jpg, 0, 0, 0, 15.64455
C:\Users\rishi\Downloads\car_data\IMG\center_2022_10_16_16_45_27_809.jpg, C:\Users\rishi\Downloads\car_data\IMG\left_2022_10_16_16_45_27_809.jpg, C:\Users\rishi\Downloads\car_data\IMG\right_2022_10_16_16_45_27_809.jpg, -0.3638094, 0, 0, 15.33037
C:\Users\rishi\Downloads\car_data\IMG\center_2022_10_16_16_45_27_913.jpg, C:\Users\rishi\Downloads\car_data\IMG\left_2022_10_16_16_45_27_913.jpg, C:\Users\rishi\Downloads\car_data\IMG\right_2022_10_16_16_45_27_913.jpg, -0.6738831, 0, 0, 15.50993
C:\Users\rishi\Downloads\car_data\IMG\center_2022_10_16_16_45_28_008.jpg, C:\Users\rishi\Downloads\car_data\IMG\left_2022_10_16_16_45_28_008.jpg, C:\Users\rishi\Downloads\car_data\IMG\right_2022_10_16_16_45_28_008.jpg, -0.367344, 0, 0, 14.84299
C:\Users\rishi\Downloads\car_data\IMG\center_2022_10_16_16_45_28_132.jpg, C:\Users\rishi\Downloads\car_data\IMG\left_2022_10_16_16_45_28_132.jpg, C:\Users\rishi\Downloads\car_data\IMG\right_2022_10_16_16_45_28_132.jpg, -0.7366062, 0, 0, 14.57772
C:\Users\rishi\Downloads\car_data\IMG\center_2022_10_16_16_45_28_264.jpg, C:\Users\rishi\Downloads\car_data\IMG\left_2022_10_16_16_45_28_264.jpg, C:\Users\rishi\Downloads\car_data\IMG\right_2022_10_16_16_45_28_264.jpg, -0.363291, 0, 0, 14.39269
C:\Users\rishi\Downloads\car_data\IMG\center_2022_10_16_16_45_28_385.jpg, C:\Users\rishi\Downloads\car_data\IMG\left_2022_10_16_16_45_28_385.jpg, C:\Users\rishi\Downloads\car_data\IMG\right_2022_10_16_16_45_28_385.jpg, 0, 0, 0, 14.72359
C:\Users\rishi\Downloads\car_data\IMG\center_2022_10_16_16_45_28_526.jpg, C:\Users\rishi\Downloads\car_data\IMG\left_2022_10_16_16_45_28_526.jpg, C:\Users\rishi\Downloads\car_data\IMG\right_2022_10_16_16_45_28_526.jpg, 0, 0, 0, 14.52396
C:\Users\rishi\Downloads\car_data\IMG\center_2022_10_16_16_45_28_663.jpg, C:\Users\rishi\Downloads\car_data\IMG\left_2022_10_16_16_45_28_663.jpg, C:\Users\rishi\Downloads\car_data\IMG\right_2022_10_16_16_45_28_663.jpg, 0, 0, 0, 13.79877
C:\Users\rishi\Downloads\car_data\IMG\center_2022_10_16_16_45_28_770.jpg, C:\Users\rishi\Downloads\car_data\IMG\left_2022_10_16_16_45_28_770.jpg, C:\Users\rishi\Downloads\car_data\IMG\right_2022_10_16_16_45_28_770.jpg, 0, 0, 0, 14.16769
C:\Users\rishi\Downloads\car_data\IMG\center_2022_10_16_16_45_28_879.jpg, C:\Users\rishi\Downloads\car_data\IMG\left_2022_10_16_16_45_28_879.jpg, C:\Users\rishi\Downloads\car_data\IMG\right_2022_10_16_16_45_28_879.jpg, 0, 0, 0, 14.02322
C:\Users\rishi\Downloads\car_data\IMG\center_2022_10_16_16_45_28_983.jpg, C:\Users\rishi\Downloads\car_data\IMG\left_2022_10_16_16_45_28_983.jpg, C:\Users\rishi\Downloads\car_data\IMG\right_2022_10_16_16_45_28_983.jpg, 0, 0, 0, 13.3609
C:\Users\rishi\Downloads\car_data\IMG\center_2022_10_16_16_45_29_093.jpg, C:\Users\rishi\Downloads\car_data\IMG\left_2022_10_16_16_45_29_093.jpg, C:\Users\rishi\Downloads\car_data\IMG\right_2022_10_16_16_45_29_093.jpg, 0, 0, 0, 13.1958
C:\Users\rishi\Downloads\car_data\IMG\center_2022_10_16_16_45_29_223.jpg, C:\Users\rishi\Downloads\car_data\IMG\left_2022_10_16_16_45_29_223.jpg, C:\Users\rishi\Downloads\car_data\IMG\right_2022_10_16_16_45_29_223.jpg, 0, 0, 0, 12.97753
C:\Users\rishi\Downloads\car_data\IMG\center_2022_10_16_16_45_29_356.jpg, C:\Users\rishi\Downloads\car_data\IMG\left_2022_10_16_16_45_29_356.jpg, C:\Users\rishi\Downloads\car_data\IMG\right_2022_10_16_16_45_29_356.jpg, 0, 0, 0, 13.29321
C:\Users\rishi\Downloads\car_data\IMG\center_2022_10_16_16_45_29_476.jpg, C:\Users\rishi\Downloads\car_data\IMG\left_2022_10_16_16_45_29_476.jpg, C:\Users\rishi\Downloads\car_data\IMG\right_2022_10_16_16_45_29_476.jpg, 0, 0, 0, 13.19799
C:\Users\rishi\Downloads\car_data\IMG\center_2022_10_16_16_45_29_591.jpg, C:\Users\rishi\Downloads\car_data\IMG\left_2022_10_16_16_45_29_591.jpg, C:\Users\rishi\Downloads\car_data\IMG\right_2022_10_16_16_45_29_591.jpg, 0, 0, 0, 12.46589
C:\Users\rishi\Downloads\car_data\IMG\center_2022_10_16_16_45_29_701.jpg, C:\Users\rishi\Downloads\car_data\IMG\left_2022_10_16_16_45_29_701.jpg, C:\Users\rishi\Downloads\car_data\IMG\right_2022_10_16_16_45_29_701.jpg, 0, 0, 0, 12.30848
C:\Users\rishi\Downloads\car_data\IMG\center_2022_10_16_16_45_29_816.jpg, C:\Users\rishi\Downloads\car_data\IMG\left_2022_10_16_16_45_29_816.jpg, C:\Users\rishi\Downloads\car_data\IMG\right_2022_10_16_16_45_29_816.jpg, 0, 0, 0, 12.15312
C:\Users\rishi\Downloads\car_data\IMG\center_2022_10_16_16_45_29_935.jpg, C:\Users\rishi\Downloads\car_data\IMG\left_2022_10_16_16_45_29_935.jpg, C:\Users\rishi\Downloads\car_data\IMG\right_2022_10_16_16_45_29_935.jpg, 0, 0, 0, 11.99957
C:\Users\rishi\Downloads\car_data\IMG\center_2022_10_16_16_45_30_049.jpg, C:\Users\rishi\Downloads\car_data\IMG\left_2022_10_16_16_45_30_049.jpg, C:\Users\rishi\Downloads\car_data\IMG\right_2022_10_16_16_45_30_049.jpg, 0, 0, 0, 12.42391
C:\Users\rishi\Downloads\car_data\IMG\center_2022_10_16_16_45_30_161.jpg, C:\Users\rishi\Downloads\car_data\IMG\left_2022_10_16_16_45_30_161.jpg, C:\Users\rishi\Downloads\car_data\IMG\right_2022_10_16_16_45_30_161.jpg, 0, 0, 0, 12.27169
